country_risk_id,country_risk_title,connection_summary,confidence,PROJ_ID_IB,realized_risk_id,doc_type
SLE-002,Executive Overreach and Concentration of Power Undermining Democratic Institutions,"The disruption of a project activity by parliamentary policy hearings reflects the broader pattern of weak institutional coordination and governance dysfunction in Sierra Leone. Where executive power is concentrated and public institutions are instrumentalized for political purposes, legislative and executive processes can operate in ways that crowd out or override development program schedules without adequate coordination mechanisms. The postponement is consistent with an environment where institutional processes are unpredictable and not well-coordinated with development partners.",0.35,P172492,75bc75c0,Aide Memoire
SLE-002,Executive Overreach and Concentration of Power Undermining Democratic Institutions,"The tension between Chiefdom authorities and District Councils over revenue sharing reflects a broader pattern of weak institutional delineation and patronage-driven governance in Sierra Leone. When central executive power is concentrated and public institutions are used as vehicles for patronage, sub-national governance arrangements—including the clarification of fiscal roles between traditional and elected local authorities—are likely to remain contested and under-resourced. The failure to operationalize clear MOUs under the Local Government Act is consistent with an environment where institutional mandates are subordinated to political and patronage interests rather than rule-based governance.",0.62,P172492,537061ef,Aide Memoire
SLE-003,Suppression of Civil Society and Erosion of Anti-Corruption Accountability,"Revenue sharing disputes between Chiefdoms and District Councils are partly an accountability problem: without transparent fiscal arrangements and independent oversight, local revenue flows are susceptible to capture and misuse. The broader erosion of anti-corruption accountability and the weakening of civil society's watchdog role reduce the external pressure needed to resolve these intra-governmental disputes and enforce compliance with revenue-sharing agreements.",0.5,P172492,537061ef,Aide Memoire
SLE-002,Executive Overreach and Concentration of Power Undermining Democratic Institutions,"The systemic governance weaknesses observed at the local level — including patronage dynamics, misuse of revenues, and lack of transparency — are consistent with the broader pattern of public institutions being used as vehicles for patronage described in SLE-002. When executive-level norms of weak accountability and institutional capture permeate downward, local councils become similarly susceptible to revenue misuse and opacity, directly undermining the project's accountability objectives.",0.72,P172492,14d05fa9,Aide Memoire
SLE-003,Suppression of Civil Society and Erosion of Anti-Corruption Accountability,"The project's citizen audit workshop findings — fake receipts, opaque revenue management, and lack of transparency particularly in remote communities — reflect the same accountability deficit described in SLE-003. The erosion of anti-corruption norms at the national level (confidential asset declarations, co-opted civil society) creates an enabling environment for similar misconduct at the local level, making it harder for communities and oversight actors to hold local councils accountable.",0.78,P172492,14d05fa9,Aide Memoire
SLE-002,Executive Overreach and Concentration of Power Undermining Democratic Institutions,The persistent Substantial political and governance risk rating directly reflects the same institutional fragility captured in SLE-002. Executive control over state institutions through patronage appointments and the deployment of public institutions for political ends undermines the local government accountability and service delivery reforms that this project targets. Weak checks and balances create a structural impediment to decentralization and transparent governance at the local level.,0.88,P172492,29b03084,Implementation Status and Results Report
SLE-003,Suppression of Civil Society and Erosion of Anti-Corruption Accountability,"The erosion of anti-corruption accountability and the co-optation of civil society through state contracts are directly relevant to a project focused on local government accountability reforms. When civil society actors are incentivized to remain silent on corruption and the Anti-Corruption Commission lacks transparency, the oversight mechanisms that such a project relies upon are weakened, contributing to the sustained governance risk rating.",0.82,P172492,29b03084,Implementation Status and Results Report
SLE-001,Deep Ethnic and Political Divisions Threatening National Cohesion,"Deep ethnic and political divisions, particularly those exposed by the 2023 elections, complicate local government reform implementation by politicizing resource allocation and service delivery along partisan and ethnic lines. This dynamic contributes to the governance fragility that the project's Substantial risk rating reflects, as local institutions become arenas for political contestation rather than neutral service delivery.",0.65,P172492,29b03084,Implementation Status and Results Report
SLE-002,Executive Overreach and Concentration of Power Undermining Democratic Institutions,"The persistent weakness in local government institutional capacity is directly compounded by the broader pattern of executive dominance and patronage-driven public institutions. When central government uses appointments and resources as patronage instruments, local governments are structurally deprived of the autonomous capacity and incentives needed to implement genuine decentralization and accountability reforms. The project's inability to strengthen local institutional capacity reflects the same systemic dynamic that SLE-002 describes.",0.78,P172492,c6f6f7a3,Implementation Status and Results Report
SLE-003,Suppression of Civil Society and Erosion of Anti-Corruption Accountability,"Decentralization and accountability reforms depend on functional civil society engagement and anti-corruption oversight at the local level. The erosion of civic space and the co-optation of civil society organizations through state contracts—as described in SLE-003—directly undermines the demand-side accountability mechanisms that local governance reforms require, contributing to the sustained institutional fragility observed in the project.",0.65,P172492,c6f6f7a3,Implementation Status and Results Report
SLE-002,Executive Overreach and Concentration of Power Undermining Democratic Institutions,"The deployment of public institutions for patronage and the concentration of executive power create structural resistance to PFM transparency reforms. Systems like PFM-SMART and eGP directly threaten patronage networks by making procurement and financial flows visible, providing a plausible political economy explanation for the 'change management challenges' cited in the implementation delays.",0.72,P172492,99939a34,Implementation Status and Results Report
SLE-003,Suppression of Civil Society and Erosion of Anti-Corruption Accountability,The broader erosion of anti-corruption accountability mechanisms in Sierra Leone — including confidential asset declarations and co-opted civil society — reflects the same institutional fragility that is impeding deployment of procurement transparency tools. The project's accountability objectives face a systemic environment where transparency reforms encounter weak demand and political resistance.,0.68,P172492,99939a34,Implementation Status and Results Report
SLE-002,Executive Overreach and Concentration of Power Undermining Democratic Institutions,"The non-functionality of the Western Urban District Council's DDCC is consistent with a broader pattern of weak subnational governance institutions in Sierra Leone, where public bodies are susceptible to patronage dynamics and executive influence. The persistent delay in convening an inaugural accountability meeting in a key urban district reflects the same institutional fragility that characterizes centralized power structures undermining local democratic participation.",0.55,P172492,e03a2662,Implementation Status and Results Report
SLE-003,Suppression of Civil Society and Erosion of Anti-Corruption Accountability,"The DDCC's failure to hold its inaugural meeting directly limits citizen participation and local accountability mechanisms. This aligns with the broader erosion of civic space and accountability structures in Sierra Leone, where forums for public scrutiny and civil society engagement are weakened. A non-functional local coordination body reduces the channels through which communities can hold local authorities accountable, mirroring the national-level suppression of accountability mechanisms.",0.6,P172492,e03a2662,Implementation Status and Results Report
SLE-002,Executive Overreach and Concentration of Power Undermining Democratic Institutions,"The persistent 'Substantial' political and governance risk rating directly reflects the operating environment shaped by executive concentration of power, patronage-driven public institutions, and weakened democratic checks and balances. These structural governance deficiencies create an implementation environment where project oversight, fiduciary integrity, and institutional counterpart capacity are chronically compromised.",0.88,P177947,632fd532,Implementation Status and Results Report
SLE-003,Suppression of Civil Society and Erosion of Anti-Corruption Accountability,"The sustained governance fragility rating is consistent with a context where anti-corruption accountability mechanisms are weak and civil society oversight is constrained. These conditions reduce the effectiveness of project-level accountability safeguards and increase fiduciary risk, contributing to the persistent 'Substantial' governance risk classification.",0.78,P177947,632fd532,Implementation Status and Results Report
SLE-001,Deep Ethnic and Political Divisions Threatening National Cohesion,"The unresolved ethnic and political fault lines exposed by the 2023 elections and requiring a 2024 unity agreement contribute to an unstable political environment that sustains elevated governance risk ratings. Political polarization can disrupt government counterpart engagement, delay decision-making, and create uncertainty in the institutional operating environment for project implementation.",0.65,P177947,632fd532,Implementation Status and Results Report
SLE-002,Executive Overreach and Concentration of Power Undermining Democratic Institutions,"Patronage-driven governance and weak institutional independence undermine the credibility and effectiveness of financial sector regulators such as the Bank of Sierra Leone. When public institutions serve as vehicles for political patronage, regulatory capacity and reform implementation—precisely what the BSL Strategic Vision (2024-2028) depends on—are compromised, directly feeding macroeconomic and financial sector instability.",0.62,P177947,7d841f19,Implementation Status and Results Report
SLE-003,Suppression of Civil Society and Erosion of Anti-Corruption Accountability,"Weak anti-corruption accountability and limited public scrutiny of state finances create an environment where fiscal mismanagement and opaque financial flows persist. This erodes macroeconomic discipline and undermines confidence in the financial sector, compounding the fragility that the project identifies as a foundational risk to financial inclusion outcomes.",0.55,P177947,7d841f19,Implementation Status and Results Report
SLE-003,Suppression of Civil Society and Erosion of Anti-Corruption Accountability,"The withdrawal of an implementing partner from an education project may reflect the constrained civic space in Sierra Leone, where civil society organizations face pressure to align with government interests or risk being sidelined. NGOs and implementing partners operating in politically sensitive areas such as out-of-school children's education may face incentive structures or political pressures that make sustained engagement difficult, particularly if their work intersects with communities or populations perceived as politically inconvenient.",0.3,P167897,27ba4c98,Implementation Status and Results Report
SLE-002,Executive Overreach and Concentration of Power Undermining Democratic Institutions,"Patronage dynamics and the use of public institutions as vehicles for political interests can create an unstable operating environment for implementing partners, particularly in the education sector where government counterpart cooperation is essential. If the partner's withdrawal relates to difficulties navigating politically driven bureaucratic or contractual processes, this would reflect the broader institutional fragility stemming from executive overreach.",0.25,P167897,27ba4c98,Implementation Status and Results Report
SLE-002,Executive Overreach and Concentration of Power Undermining Democratic Institutions,"The sustained moderate political and governance risk in project implementation directly reflects the broader pattern of executive dominance over public institutions and patronage-driven appointments. Education sector management is particularly vulnerable to these dynamics, as ministerial and administrative positions are subject to political interference, undermining consistent and merit-based project oversight.",0.82,P167897,9f88b563,Implementation Status and Results Report
SLE-003,Suppression of Civil Society and Erosion of Anti-Corruption Accountability,The persistent governance risk flagged in project implementation is consistent with the weak accountability environment described in this country risk. Limited transparency in public institutions and the co-optation of civil society reduce the checks that would otherwise support sound education sector management and fiduciary oversight.,0.74,P167897,9f88b563,Implementation Status and Results Report
SLE-001,Deep Ethnic and Political Divisions Threatening National Cohesion,"Post-election political tensions and the fragile national unity agreement create an unstable operating environment for government-led programs. Education sector implementation can be affected by politically motivated disruptions to staffing, resource allocation, and inter-ministerial coordination, contributing to the sustained governance risk observed.",0.55,P167897,9f88b563,Implementation Status and Results Report
SLE-004,Political Violence Including State Security Force Abuses and Election-Related Violence,"The broader pattern of political violence and weak rule-of-law norms documented in SLE-004 — including security force abuses and restricted civic space — reflects an institutional environment where protection mechanisms for vulnerable populations, including girls in schools, are structurally weakened. Normalization of violence and impunity at the political level can permeate social institutions, creating permissive conditions for SRGBV.",0.45,P167897,d593dc21,Implementation Status and Results Report
SLE-003,Suppression of Civil Society and Erosion of Anti-Corruption Accountability,"The erosion of civil society space and accountability mechanisms documented in SLE-003 limits the effectiveness of community-based GBV reporting and advocacy. When civil society organizations face co-optation or suppression, their capacity to support survivors, hold schools accountable, and sustain GBV prevention programming is directly undermined.",0.4,P167897,d593dc21,Implementation Status and Results Report
SLE-002,Executive Overreach and Concentration of Power Undermining Democratic Institutions,"The persistent high political and governance risk rating directly reflects the structural governance fragility described in SLE-002. Executive dominance over state institutions, patronage networks, and weakened checks and balances create an operating environment where project implementation faces sustained institutional unpredictability and accountability deficits.",0.88,P503960,e3b1cf6d,Implementation Status and Results Report
SLE-003,Suppression of Civil Society and Erosion of Anti-Corruption Accountability,"The high governance risk rating is substantively connected to the erosion of anti-corruption accountability and civic space documented in SLE-003. Confidential asset declarations, co-optation of civil society, and limited public scrutiny of state conduct compound fiduciary and oversight risks that would directly affect project implementation quality and transparency.",0.82,P503960,e3b1cf6d,Implementation Status and Results Report
SLE-001,Deep Ethnic and Political Divisions Threatening National Cohesion,"The enduring high political risk rating is consistent with the unresolved ethnic and political fault lines exposed by the 2023 elections. The fragility of the 2024 national unity agreement means that political instability remains a live implementation risk, potentially disrupting government counterpart engagement and policy continuity.",0.72,P503960,e3b1cf6d,Implementation Status and Results Report
SLE-007,Treason Charges Against Former President Signaling Politically Motivated Prosecutions,The politicized use of the justice system and heightened government-opposition tensions reflected in SLE-007 contribute to the broader political risk environment captured in the project's persistent high rating. Such episodes signal institutional fragility and unpredictability in the rule-of-law environment that frames project governance conditions.,0.65,P503960,e3b1cf6d,Implementation Status and Results Report
SLE-002,Executive Overreach and Concentration of Power Undermining Democratic Institutions,"The persistent Substantial political and governance risk rating directly reflects the operating environment shaped by executive concentration of power, patronage-driven public institutions, and weakened checks and balances. These structural governance deficits create an unpredictable institutional environment that constrains project implementation, particularly where government counterpart capacity and accountability are required.",0.88,P177077,5ed7b555,Implementation Status and Results Report
SLE-003,Suppression of Civil Society and Erosion of Anti-Corruption Accountability,The erosion of anti-corruption accountability and the co-optation of civil society reduce the oversight mechanisms that World Bank projects rely on for fiduciary integrity and stakeholder engagement. A governance environment where accountability institutions are weakened directly sustains elevated political and governance risk ratings over time.,0.8,P177077,5ed7b555,Implementation Status and Results Report
SLE-001,Deep Ethnic and Political Divisions Threatening National Cohesion,"The contested 2023 elections and the fragile 2024 national unity agreement reflect underlying political instability that contributes to an uncertain governance environment. This political volatility can disrupt government counterpart engagement, affect policy continuity, and sustain elevated governance risk for project implementation.",0.7,P177077,5ed7b555,Implementation Status and Results Report
SLE-007,Treason Charges Against Former President Signaling Politically Motivated Prosecutions,"The politicized use of the justice system and heightened tensions between government and opposition reinforce the broader governance fragility context. Such episodes signal institutional unreliability and political interference in state functions, which are consistent with a persistently Substantial governance risk rating for project operations.",0.65,P177077,5ed7b555,Implementation Status and Results Report
SLE-002,Executive Overreach and Concentration of Power Undermining Democratic Institutions,"The land dispute required ministerial-level intervention from three ministries (Energy, Lands, Agriculture), reflecting weak institutional capacity to resolve land rights disputes through routine administrative channels. This is consistent with a governance environment where public institutions function through patronage and centralized executive control rather than transparent, rules-based processes. The fact that land conveyance documentation was submitted to the Bank yet claimants emerged only after clearing began may also reflect how land transactions are managed opaquely within a patronage-driven system.",0.52,P171059,08a06396,Aide Memoire
SLE-003,Suppression of Civil Society and Erosion of Anti-Corruption Accountability,"The absence of land claims during extensive pre-project stakeholder consultations, followed by their emergence only after construction began, is consistent with a civic environment where affected communities may feel unable or unwilling to raise grievances through official channels until a concrete trigger occurs. Weak accountability mechanisms and limited civic space can suppress early community voice, leading to disputes surfacing at more disruptive project stages.",0.42,P171059,08a06396,Aide Memoire
SLE-002,Executive Overreach and Concentration of Power Undermining Democratic Institutions,"The pilfering and diversion of public fuel resources in rural energy infrastructure is consistent with the broader patronage dynamics described under SLE-002, where public institutions and resources are captured for private or political benefit. Weak oversight and accountability in peripheral service delivery contexts are a direct downstream consequence of the institutional fragility and patronage networks that characterize governance in Sierra Leone.",0.72,P171059,70da72b8,Aide Memoire
SLE-003,Suppression of Civil Society and Erosion of Anti-Corruption Accountability,Fuel diversion from public generators represents a form of petty-to-mid-level corruption that thrives in environments where anti-corruption accountability mechanisms are weak and civil society oversight is suppressed. The confidentiality of asset declarations and the co-optation of watchdog institutions described in SLE-003 reduce the likelihood that such resource misappropriation in rural areas would be detected or sanctioned.,0.65,P171059,70da72b8,Aide Memoire
SLE-004,Political Violence Including State Security Force Abuses and Election-Related Violence,"The systemic vulnerabilities in Sierra Leone's security environment — including communal violence, riots, and political competition-linked violence — create conditions in which public infrastructure in remote areas is exposed to opportunistic theft and intentional damage. The weak rule-of-law environment and limited security force reliability in peripheral areas directly underpin the project's physical security risk.",0.62,P171059,a5d332fc,Aide Memoire
SLE-006,Spillover Risk from Sahel Terrorism and Expanding Militant Networks in Coastal West Africa,"The expansion of transnational criminal and militant networks into coastal West Africa, including Sierra Leone, contributes to a broader insecurity environment in remote and border-adjacent areas. This could elevate risks of asset theft or sabotage of solar infrastructure in less-governed spaces, though the direct link to this specific project risk remains indirect.",0.35,P171059,a5d332fc,Aide Memoire
SLE-002,Executive Overreach and Concentration of Power Undermining Democratic Institutions,"The land dispute requiring escalation to ministerial level across three ministries reflects the weak institutional capacity of lower-level land administration bodies to resolve competing claims independently. This is consistent with a governance environment where state institutions function through patronage and centralized executive control rather than through transparent, rules-based administrative processes. The inability of routine land administration mechanisms to resolve the Newton contestation without ministerial intervention points to the same institutional fragility described in this risk.",0.55,P171059,e2d31a31,Aide Memoire
SLE-003,Suppression of Civil Society and Erosion of Anti-Corruption Accountability,"The persistence of unresolved land contestations and the need for grievance logging suggests that affected households lack effective, independent channels to assert land rights against state-designated project sites. In an environment where civil society is co-opted or suppressed and accountability mechanisms are weak, community-level land grievances are less likely to be resolved transparently and efficiently, contributing to the protracted nature of this dispute.",0.45,P171059,e2d31a31,Aide Memoire
SLE-002,Executive Overreach and Concentration of Power Undermining Democratic Institutions,"The persistent Substantial governance risk rating directly reflects the structural governance fragility described in SLE-002. Executive concentration of power, patronage-driven public institutions, and weak checks and balances create an operating environment where project implementation faces ongoing institutional unpredictability and reduced accountability mechanisms.",0.88,P171059,158e8952,Implementation Status and Results Report
SLE-003,Suppression of Civil Society and Erosion of Anti-Corruption Accountability,"The sustained governance risk rating is consistent with the erosion of anti-corruption accountability and civic space documented in SLE-003. Confidential asset declarations, co-optation of civil society, and limited public scrutiny of state conduct directly undermine the fiduciary and oversight environment that World Bank projects depend on for effective implementation.",0.82,P171059,158e8952,Implementation Status and Results Report
SLE-001,Deep Ethnic and Political Divisions Threatening National Cohesion,"The political dimension of the persistent Substantial risk rating connects to the unresolved ethnic and political fault lines exposed by the 2023 elections. Political polarization can disrupt government counterpart engagement, delay decision-making, and create implementation bottlenecks, particularly in projects requiring cross-party or multi-stakeholder cooperation.",0.65,P171059,158e8952,Implementation Status and Results Report
SLE-007,Treason Charges Against Former President Signaling Politically Motivated Prosecutions,"The politicized use of the justice system and heightened government-opposition tensions documented in SLE-007 contribute to the broader political risk environment captured in the project's persistent Substantial rating. Institutional unpredictability stemming from politically motivated prosecutions signals weak rule of law, which compounds governance fragility affecting project implementation.",0.6,P171059,158e8952,Implementation Status and Results Report
SLE-002,Executive Overreach and Concentration of Power Undermining Democratic Institutions,"The unresolved misappropriation of project funds by Sierra Akker, and the government's reliance on informal executive channels (MoF requesting reports, exploring bank account freezing via the Bank of Sierra Leone's collateral register) rather than standard legal or judicial enforcement mechanisms, reflects the broader pattern of weak institutional checks and patronage-driven governance. The difficulty in recovering public funds from a private company points to the same institutional fragility—where state institutions lack autonomous enforcement capacity and accountability mechanisms are compromised by political dynamics.",0.65,P153437,76a50936,Aide Memoire
SLE-003,Suppression of Civil Society and Erosion of Anti-Corruption Accountability,"The failure to recover a $141,000 grant advance and the slow, opaque process of pursuing accountability against Sierra Akker is consistent with the documented erosion of anti-corruption enforcement in Sierra Leone. The Anti-Corruption Commission's limited public accountability role and the broader culture of impunity for financial misconduct create an enabling environment in which misappropriation of project funds goes unresolved for extended periods, directly undermining fiduciary integrity.",0.7,P153437,76a50936,Aide Memoire
SLE-002,Executive Overreach and Concentration of Power Undermining Democratic Institutions,"The delays in processing counterpart funds reflect weak budget execution capacity within public institutions, consistent with the broader pattern of patronage-driven governance and institutional dysfunction described in SLE-002. When public institutions are instrumentalized for political purposes rather than functional service delivery, routine fiscal processes such as counterpart fund disbursement become vulnerable to bureaucratic dysfunction and prioritization failures.",0.62,P153437,c1c67695,Aide Memoire
SLE-003,Suppression of Civil Society and Erosion of Anti-Corruption Accountability,"Counterpart funding delays in a development project context can reflect the same weak accountability and opaque public financial management environment described in SLE-003. Where anti-corruption oversight is limited and asset declarations are kept confidential, budget execution irregularities and financing gaps are more likely to persist without correction, as there is limited external pressure on government to fulfill its fiscal commitments.",0.5,P153437,c1c67695,Aide Memoire
SLE-002,Executive Overreach and Concentration of Power Undermining Democratic Institutions,"Unresolved compensation grievances in project-affected communities may be compounded by weak institutional responsiveness rooted in patronage-driven public administration. When state institutions function as vehicles for political patronage rather than service delivery, grievance redress mechanisms such as the GRM are more likely to stall or be deprioritized, particularly for communities lacking political connections. This institutional fragility plausibly contributes to the persistence of the five unresolved complaints.",0.45,P153437,87e79151,Aide Memoire
SLE-003,Suppression of Civil Society and Erosion of Anti-Corruption Accountability,"The erosion of civil society's watchdog role and weak accountability mechanisms reduce external pressure on project implementers to resolve compensation disputes promptly. In an environment where civic actors face incentives to remain silent on state-linked injustices, affected individuals may have limited recourse beyond the formal GRM, making unresolved grievances more likely to persist and escalate into broader community tension.",0.4,P153437,87e79151,Aide Memoire
SLE-002,Executive Overreach and Concentration of Power Undermining Democratic Institutions,"The failure to secure donor financing for road corridors and the lack of government attention to access roads reflects weak infrastructure governance consistent with a patronage-driven public administration. When institutions are instrumentalized for political purposes rather than service delivery, routine maintenance prioritization and budget allocation for non-politically salient infrastructure (such as rural road access to bridges) tends to be neglected. The fragile infrastructure governance noted in the project risk aligns with the broader pattern of institutional dysfunction described in this country risk.",0.45,P153437,011bb893,Aide Memoire
SLE-003,Suppression of Civil Society and Erosion of Anti-Corruption Accountability,"The absence of secured financing and lack of government follow-through on access road maintenance may partly reflect accountability deficits in public expenditure management. Where anti-corruption oversight is weak and civil society is co-opted or silenced, infrastructure budget gaps and procurement failures are less likely to be flagged or remedied, contributing to the persistent underinvestment pattern observed at the Manowa corridor.",0.35,P153437,011bb893,Aide Memoire
SLE-002,Executive Overreach and Concentration of Power Undermining Democratic Institutions,"The deterioration of political and governance conditions reflected in the project's upgraded risk rating aligns directly with the systemic pattern of executive overreach, patronage-driven public institutions, and weakened checks and balances. These dynamics create an environment where project implementation faces unpredictable institutional behavior, politically motivated decision-making, and reduced accountability in public resource management.",0.85,P168608,9827713e,Implementation Status and Results Report
SLE-003,Suppression of Civil Society and Erosion of Anti-Corruption Accountability,The erosion of anti-corruption accountability and the co-optation of civil society reduce the oversight mechanisms that World Bank projects rely on for fiduciary integrity and stakeholder engagement. A project experiencing elevated governance risk in this environment is plausibly affected by the same institutional dynamics that suppress independent scrutiny and enable corruption to go unchecked.,0.78,P168608,9827713e,Implementation Status and Results Report
SLE-007,Treason Charges Against Former President Signaling Politically Motivated Prosecutions,"The politicized use of the justice system and heightened tensions between government and opposition contribute to an unstable governance environment. The project risk rating worsened between 2021 and 2025, a period that encompasses the contested 2023 elections and subsequent political turbulence, suggesting that the broader political deterioration—of which this episode is a symptom—has had a tangible effect on implementation conditions.",0.65,P168608,9827713e,Implementation Status and Results Report
SLE-001,Deep Ethnic and Political Divisions Threatening National Cohesion,"The deep ethnic and political divisions exposed by the 2023 elections and requiring a national unity agreement in 2024 represent a structural governance fragility that plausibly contributes to the elevated political risk experienced by the project. Political polarization can disrupt inter-ministerial coordination, delay approvals, and create uncertainty around counterpart commitments critical to project implementation.",0.6,P168608,9827713e,Implementation Status and Results Report
SLE-002,Executive Overreach and Concentration of Power Undermining Democratic Institutions,"The concentration of power in the executive and the use of public institutions as patronage vehicles creates a governance environment where MDAs operate with limited autonomy and accountability to their technical mandates. When institutional loyalty is directed upward toward political patrons rather than outward toward development objectives, MDA engagement with externally-financed projects that fall outside political priorities becomes structurally weak. This dynamic plausibly explains why MDAs fail to engage even when projects formally align with their mandates.",0.72,P168608,9642c2cb,Implementation Status and Results Report
SLE-003,Suppression of Civil Society and Erosion of Anti-Corruption Accountability,"The broader erosion of accountability norms and the co-optation of public institutions into political networks reduces incentives for MDAs to champion technically sound but politically neutral development projects. In an environment where institutional actors are rewarded for political alignment rather than performance, weak ownership of World Bank projects is a predictable outcome of the same institutional fragility that suppresses civil society oversight.",0.6,P168608,9642c2cb,Implementation Status and Results Report
SLE-002,Executive Overreach and Concentration of Power Undermining Democratic Institutions,"The coordination challenges within emergency management institutions are plausibly linked to the broader pattern of institutional fragility driven by patronage-based appointments and executive concentration of power. When public institutions are staffed and managed through political patronage rather than merit, inter-agency coordination suffers as institutional mandates become subordinated to political loyalties, directly undermining the functional effectiveness of emergency preparedness bodies.",0.55,P168608,46be1d90,Implementation Status and Results Report
SLE-003,Suppression of Civil Society and Erosion of Anti-Corruption Accountability,"Weak accountability mechanisms and the erosion of civic oversight documented under this risk contribute to an environment where institutional underperformance—such as persistent coordination gaps in emergency management—goes unchecked. The absence of robust civil society scrutiny reduces pressure on government agencies to resolve internal coordination failures, allowing them to persist despite formal training targets being met.",0.45,P168608,46be1d90,Implementation Status and Results Report
SLE-002,Executive Overreach and Concentration of Power Undermining Democratic Institutions,"The persistent Substantial governance risk rating directly reflects the structural governance fragility described in SLE-002. Executive concentration of power, patronage-driven public institutions, and weak checks and balances create an operating environment where project implementation faces ongoing institutional unpredictability and reduced accountability mechanisms.",0.88,P176789,cbe23721,Implementation Status and Results Report
SLE-003,Suppression of Civil Society and Erosion of Anti-Corruption Accountability,The sustained governance fragility affecting project implementation is consistent with the erosion of anti-corruption accountability and civic space documented in SLE-003. Weakened oversight institutions and co-opted civil society reduce the external checks that would otherwise support transparent project execution and fiduciary integrity.,0.8,P176789,cbe23721,Implementation Status and Results Report
SLE-001,Deep Ethnic and Political Divisions Threatening National Cohesion,"The unresolved ethnic and political divisions exposed by the 2023 elections contribute to the broader political instability that underpins the persistent Substantial political risk rating. These divisions affect government functionality and inter-institutional cooperation, which in turn shapes the operating environment for project implementation.",0.68,P176789,cbe23721,Implementation Status and Results Report
SLE-007,Treason Charges Against Former President Signaling Politically Motivated Prosecutions,The politicized use of the justice system and heightened government-opposition tensions reflected in SLE-007 contribute to the political risk dimension of the persistent Substantial rating. Such episodes signal institutional fragility and unpredictability in the political environment that directly affects project governance conditions.,0.62,P176789,cbe23721,Implementation Status and Results Report
SLE-002,Executive Overreach and Concentration of Power Undermining Democratic Institutions,"The persistent elevation of political and governance risk in project implementation directly reflects the broader pattern of executive overreach and institutional capture described in SLE-002. Patronage-driven public institutions and weakened checks and balances create an operating environment where project governance, procurement, and accountability mechanisms face systemic pressure, plausibly explaining why the risk rating was upgraded and has remained at Substantial.",0.85,P172102,f6b7da50,Implementation Status and Results Report
SLE-003,Suppression of Civil Society and Erosion of Anti-Corruption Accountability,The erosion of anti-corruption accountability and the co-optation of civil society reduce the external oversight mechanisms that typically support project implementation integrity. A governance environment where the Anti-Corruption Commission lacks transparency and civic watchdogs are incentivized to remain silent is consistent with a sustained Substantial governance risk rating for a World Bank project operating in that context.,0.75,P172102,f6b7da50,Implementation Status and Results Report
SLE-001,Deep Ethnic and Political Divisions Threatening National Cohesion,"The contested 2023 elections and the fragile 2024 national unity agreement created a period of heightened political uncertainty that likely contributed to the initial upgrade of the governance risk rating. Ongoing unresolved ethnic and political divisions sustain an unstable political backdrop that can disrupt government counterpart engagement, staffing continuity, and policy coherence needed for effective project implementation.",0.65,P172102,f6b7da50,Implementation Status and Results Report
SLE-007,Treason Charges Against Former President Signaling Politically Motivated Prosecutions,"The politicized use of the justice system and heightened government-opposition tensions illustrated by the treason charges against former President Koroma reinforce the governance fragility dimension of the realized risk. Such episodes signal institutional unreliability and political interference in state functions, which can affect the predictability and neutrality of government institutions involved in project implementation.",0.6,P172102,f6b7da50,Implementation Status and Results Report
SLE-002,Executive Overreach and Concentration of Power Undermining Democratic Institutions,"The persistent 'Substantial' political and governance risk rating directly reflects the structural governance fragility described in SLE-002. Executive concentration of power, patronage-driven public institutions, and weak checks and balances create an environment where project implementation faces ongoing risks from unpredictable institutional behavior, politicized decision-making, and unreliable counterpart capacity.",0.88,P172492,dd98607e,Implementation Status and Results Report
SLE-003,Suppression of Civil Society and Erosion of Anti-Corruption Accountability,"The sustained governance risk rating is consistent with the accountability deficits described in SLE-003. Weakened civil society oversight, confidential asset declarations, and co-optation of watchdog institutions reduce the transparency and accountability mechanisms that project implementation depends on, contributing to a persistently elevated governance risk environment.",0.78,P172492,dd98607e,Implementation Status and Results Report
SLE-001,Deep Ethnic and Political Divisions Threatening National Cohesion,The unresolved ethnic and political fault lines exposed by the 2023 elections and only partially addressed by the 2024 unity agreement contribute to the political dimension of the persistent 'Substantial' risk rating. Political instability and contested legitimacy of state institutions create an unpredictable operating environment for project implementation over the 2022–2025 period.,0.65,P172492,dd98607e,Implementation Status and Results Report
SLE-007,Treason Charges Against Former President Signaling Politically Motivated Prosecutions,"The politicized use of the justice system against the former president, occurring within the project implementation window, is symptomatic of the broader governance fragility captured in the persistent risk rating. Such episodes signal institutional unreliability and political volatility that elevate overall project governance risk.",0.6,P172492,dd98607e,Implementation Status and Results Report
SLE-002,Executive Overreach and Concentration of Power Undermining Democratic Institutions,"The persistent 'Substantial' political and governance risk rating directly reflects the operating environment shaped by executive concentration of power, patronage-driven public institutions, and weak checks and balances. These structural governance deficiencies create enduring implementation challenges for World Bank projects, including procurement integrity, counterpart accountability, and institutional capacity.",0.88,P177947,3fbc4862,Implementation Status and Results Report
SLE-003,Suppression of Civil Society and Erosion of Anti-Corruption Accountability,"The sustained governance risk rating is consistent with a context where anti-corruption mechanisms are weakened and civil society oversight is constrained. These dynamics reduce the accountability infrastructure that project implementation depends on, contributing to the persistence of governance risk across ISR cycles.",0.82,P177947,3fbc4862,Implementation Status and Results Report
SLE-001,Deep Ethnic and Political Divisions Threatening National Cohesion,"Unresolved ethnic and political fault lines, including the fragile 2024 national unity agreement, contribute to an unstable political environment that sustains elevated governance risk ratings. Political polarization can disrupt government counterpart engagement and inter-institutional coordination critical to project implementation.",0.7,P177947,3fbc4862,Implementation Status and Results Report
SLE-007,Treason Charges Against Former President Signaling Politically Motivated Prosecutions,"The politicized use of the justice system and heightened tensions between government and opposition reinforce the governance fragility dimension of the persistent risk rating, signaling that rule-of-law institutions remain instrumentalized rather than independent, which affects the broader project operating environment.",0.65,P177947,3fbc4862,Implementation Status and Results Report
SLE-002,Executive Overreach and Concentration of Power Undermining Democratic Institutions,"Patronage-driven public institutions and weak governance structures undermine the regulatory and institutional environment necessary for financial sector development. Executive control over key appointments and the use of state institutions for political ends erodes the credibility and independence of financial oversight bodies, directly compounding macroeconomic fragility.",0.62,P177947,1f607605,Implementation Status and Results Report
SLE-003,Suppression of Civil Society and Erosion of Anti-Corruption Accountability,"Weak anti-corruption accountability and limited public scrutiny of public officials' finances create an environment of fiscal opacity and governance failure that contributes to macroeconomic instability. These dynamics constrain investor confidence and the integrity of financial sector institutions, reinforcing the persistent high macroeconomic risk observed in the project.",0.58,P177947,1f607605,Implementation Status and Results Report
SLE-001,Deep Ethnic and Political Divisions Threatening National Cohesion,"Unresolved political tensions and the fragility of the 2024 national unity agreement introduce uncertainty into the policy environment, discouraging private investment and complicating fiscal management. This political instability is a recognized driver of macroeconomic fragility in FCV contexts and plausibly contributes to the sustained high macroeconomic risk rating.",0.45,P177947,1f607605,Implementation Status and Results Report
SLE-002,Executive Overreach and Concentration of Power Undermining Democratic Institutions,"The worsening political and governance rating directly reflects the broader pattern of executive overreach and institutional capture described in this risk. Patronage-driven appointments and the deployment of state institutions for political purposes create an environment where project governance structures, oversight mechanisms, and counterpart accountability are systematically weakened, plausibly explaining the upgrade from Moderate to Substantial.",0.82,P172102,5d424ca1,Implementation Status and Results Report
SLE-003,Suppression of Civil Society and Erosion of Anti-Corruption Accountability,"The erosion of anti-corruption accountability and the co-optation of civil society reduce the effectiveness of external oversight and fiduciary controls that projects rely on. Confidential asset declarations and silenced watchdog organizations limit the checks that would otherwise flag governance deterioration at the project level, contributing to the elevated risk rating.",0.74,P172102,5d424ca1,Implementation Status and Results Report
SLE-001,Deep Ethnic and Political Divisions Threatening National Cohesion,"The post-election political tensions and the fragile national unity agreement create an unstable operating environment for project implementation. Political polarization can disrupt inter-ministerial coordination, delay approvals, and affect staff continuity in counterpart institutions, all of which are consistent with a governance risk rating that has worsened since project approval.",0.61,P172102,5d424ca1,Implementation Status and Results Report
SLE-007,Treason Charges Against Former President Signaling Politically Motivated Prosecutions,"The politicized use of the justice system and heightened government-opposition tensions signal a deteriorating rule-of-law environment. This dynamic can undermine the predictability and impartiality of regulatory and legal frameworks that project implementation depends on, reinforcing the observed governance risk escalation.",0.55,P172102,5d424ca1,Implementation Status and Results Report
SLE-002,Executive Overreach and Concentration of Power Undermining Democratic Institutions,"Chronic underinvestment in public infrastructure such as electricity and telecommunications networks is partly a function of governance failures, including patronage-driven resource allocation and weak institutional capacity. The same dynamics that concentrate power and undermine accountability also deprioritize equitable service delivery to health facilities, particularly in non-urban or politically marginal areas.",0.35,P172102,a0e9b609,Implementation Status and Results Report
SLE-002,Executive Overreach and Concentration of Power Undermining Democratic Institutions,"The non-functional grievance redress mechanism reflects a broader pattern of weak institutional accountability structures in Sierra Leone. Where public institutions are instrumentalized for patronage and checks and balances are undermined at the national level, project-level accountability mechanisms such as GRMs are similarly prone to neglect or dysfunction, as there is limited systemic incentive or capacity to operationalize citizen feedback channels.",0.55,P172102,4d2dd43a,Implementation Status and Results Report
SLE-003,Suppression of Civil Society and Erosion of Anti-Corruption Accountability,"The erosion of civic space and accountability norms at the country level—where civil society is co-opted or silenced and anti-corruption mechanisms lack transparency—creates an enabling environment in which project-level grievance mechanisms also fail to function. When affected communities have limited trust in or access to accountability channels more broadly, GRM uptake and operationalization at the project level are likely to suffer correspondingly.",0.62,P172102,4d2dd43a,Implementation Status and Results Report
SLE-002,Executive Overreach and Concentration of Power Undermining Democratic Institutions,"The persistent Substantial political and governance risk rating directly reflects the operating environment shaped by executive dominance over state institutions, patronage networks, and weakened checks and balances. These structural governance deficiencies create a fragile institutional context that would plausibly impede project implementation through unpredictable decision-making, weak counterpart capacity, and politically driven resource allocation.",0.85,P176789,0c7ed39b,Implementation Status and Results Report
SLE-003,Suppression of Civil Society and Erosion of Anti-Corruption Accountability,"The erosion of anti-corruption accountability and constrained civic space are core governance fragility drivers that would sustain a Substantial governance risk rating over time. Limited transparency, confidential asset declarations, and co-opted civil society reduce the oversight mechanisms that project implementation typically relies upon, making fiduciary and accountability risks persistently elevated.",0.78,P176789,0c7ed39b,Implementation Status and Results Report
SLE-001,Deep Ethnic and Political Divisions Threatening National Cohesion,"The contested 2023 elections and the fragile 2024 national unity agreement reflect deep political instability that contributes to an uncertain governance environment. Such political volatility can disrupt government counterpart engagement, delay approvals, and create unpredictability in institutional priorities, all of which are consistent with a persistently Substantial political risk rating.",0.65,P176789,0c7ed39b,Implementation Status and Results Report
SLE-007,Treason Charges Against Former President Signaling Politically Motivated Prosecutions,"The politicized use of the justice system and heightened tensions between government and opposition signal an environment where rule of law and institutional integrity are compromised. This dynamic is consistent with a sustained Substantial political and governance risk, as it reflects systemic vulnerabilities in the broader governance architecture within which the project operates.",0.6,P176789,0c7ed39b,Implementation Status and Results Report
SLE-002,Executive Overreach and Concentration of Power Undermining Democratic Institutions,"Fuel pilferage and diversion in public energy infrastructure is consistent with the broader pattern of patronage networks and weak institutional accountability described under SLE-002. When public institutions are instrumentalized for political and personal gain, resource misappropriation in state-managed utilities—such as fuel for generators—becomes a predictable downstream consequence. The same governance fragility that enables patronage appointments and suppresses oversight also creates permissive conditions for systematic diversion of public assets.",0.65,P171059,2b302ae6,Aide Memoire
SLE-003,Suppression of Civil Society and Erosion of Anti-Corruption Accountability,"Fuel diversion in public energy systems is a form of corruption that thrives in environments where anti-corruption mechanisms are weak and civil society oversight is constrained. SLE-003 identifies that the Anti-Corruption Commission limits public scrutiny and that civil society actors face incentives to remain silent. This accountability vacuum directly enables the kind of persistent, low-level resource misappropriation evidenced in the project, as there are few credible deterrents or reporting channels.",0.7,P171059,2b302ae6,Aide Memoire
SLE-002,Executive Overreach and Concentration of Power Undermining Democratic Institutions,"The prolonged inability of the Government of Sierra Leone to redefine project scope and respond decisively to a resource gap is consistent with a governance environment where public institutions function as patronage vehicles rather than effective administrative bodies. When executive power is concentrated and institutions are weakened by politicization, technical decision-making capacity — including the kind needed to restructure a development project — is systematically degraded. The over-18-month delay plausibly reflects this institutional hollowing-out.",0.65,P171059,8833bfd8,Aide Memoire
SLE-003,Suppression of Civil Society and Erosion of Anti-Corruption Accountability,"Weak accountability mechanisms and the co-optation of public institutions reduce incentives for government officials to prioritize efficient project delivery. In an environment where anti-corruption oversight is limited and institutional performance is not subject to meaningful scrutiny, delays in responding to donor-financed project requirements are less likely to be flagged or corrected internally, contributing to the persistent nature of the implementation lag.",0.5,P171059,8833bfd8,Aide Memoire
SLE-002,Executive Overreach and Concentration of Power Undermining Democratic Institutions,"The institutional fragility observed within EDSA — including incomplete senior leadership recruitment and resistance to transparent fiduciary arrangements — is consistent with the broader pattern of public institutions being managed through patronage networks rather than merit-based, accountable governance. Presidential control over key appointments and the use of state entities for political ends directly undermines the kind of institutional autonomy and transparency that private sector investors require, making the governance reform challenges at EDSA a sector-level manifestation of this systemic risk.",0.72,P171059,ea7500d8,Aide Memoire
SLE-003,Suppression of Civil Society and Erosion of Anti-Corruption Accountability,The project's emphasis on mandatory public disclosure of quarterly audits via the EWRC website reflects a recognized deficit in accountability and transparency within the sector. This aligns with the country-level risk of weakened anti-corruption mechanisms and limited public scrutiny of state institutions. The reluctance or slowness to establish a fiduciary collections account with public audits mirrors the broader dynamic in which financial flows through state entities remain opaque and insulated from civil society oversight.,0.65,P171059,ea7500d8,Aide Memoire
SLE-002,Executive Overreach and Concentration of Power Undermining Democratic Institutions,"The procurement and financial evaluation delays in Sierra Leone are consistent with the broader pattern of weak, patronage-driven public institutions described in SLE-002. When state institutions are instrumentalized for political purposes rather than functional governance, administrative processes such as procurement evaluations become susceptible to bottlenecks, political interference, or deprioritization. The measurable lag behind Liberia and Chad plausibly reflects this institutional dysfunction rather than purely technical capacity gaps.",0.62,P171059,e57deb4c,Aide Memoire
SLE-003,Suppression of Civil Society and Erosion of Anti-Corruption Accountability,"Weak accountability mechanisms and a compromised anti-corruption environment, as described in SLE-003, can contribute to procurement delays by creating opacity and risk-aversion among officials involved in financial evaluations. When accountability norms are eroded and oversight bodies lack independence, procurement processes may stall due to informal gatekeeping, rent-seeking behavior, or fear of scrutiny. This provides a plausible institutional pathway connecting the country-level governance fragility to the observed implementation lag.",0.52,P171059,e57deb4c,Aide Memoire
SLE-002,Executive Overreach and Concentration of Power Undermining Democratic Institutions,"The persistent delay in completing a root cause analysis on systemic incidents, accidents, and fatalities may reflect weak institutional accountability within implementing agencies (PIU-EDSA). In an environment where public institutions are characterized by patronage and limited internal oversight, the failure to follow through on safety accountability mechanisms is consistent with broader patterns of institutional dysfunction and reduced incentives for transparent self-scrutiny.",0.35,P171059,ea4e5b1a,Aide Memoire
SLE-003,Suppression of Civil Society and Erosion of Anti-Corruption Accountability,"The unresolved root cause analysis may partly reflect a broader culture of limited accountability and opacity within state-linked entities. Where civil society oversight is suppressed and anti-corruption mechanisms are weak, implementing agencies face reduced external pressure to investigate and disclose systemic safety failures, potentially contributing to the delay.",0.3,P171059,ea4e5b1a,Aide Memoire
SLE-002,Executive Overreach and Concentration of Power Undermining Democratic Institutions,"The realized risk of persistent governance fragility directly reflects the country-level dynamic of executive dominance over state institutions and patronage-driven public administration. Concentration of power and weak institutional checks create an unpredictable operating environment for project implementation, affecting procurement integrity, counterpart accountability, and fiduciary oversight.",0.82,P171059,2ce0aa93,Implementation Status and Results Report
SLE-003,Suppression of Civil Society and Erosion of Anti-Corruption Accountability,"The governance fragility flagged in project implementation is consistent with the systemic erosion of anti-corruption accountability and constrained civic space. Weak oversight mechanisms and co-opted civil society reduce the effectiveness of grievance redress and social accountability functions that World Bank projects typically rely on, sustaining moderate governance risk.",0.75,P171059,2ce0aa93,Implementation Status and Results Report
SLE-001,Deep Ethnic and Political Divisions Threatening National Cohesion,"Underlying ethnic and political divisions, while partially managed through the 2024 national unity agreement, contribute to an unstable political environment that affects government counterpart reliability and policy continuity. This fragility is consistent with the project's sustained moderate political risk rating even as conditions marginally improve.",0.62,P171059,2ce0aa93,Implementation Status and Results Report
SLE-002,Executive Overreach and Concentration of Power Undermining Democratic Institutions,"The elevation of stakeholder risk is plausibly connected to Sierra Leone's broader governance fragility, where public institutions are subject to executive patronage and political interference. In this environment, implementing agencies may face competing loyalties, politically motivated directives, or lack of institutional autonomy, all of which can generate friction between project stakeholders and undermine coordinated project delivery.",0.62,P171059,eb499657,Implementation Status and Results Report
SLE-003,Suppression of Civil Society and Erosion of Anti-Corruption Accountability,"Elevated stakeholder risk may partly reflect the constrained civic space in Sierra Leone, where civil society actors face co-optation or marginalization. If community or civil society stakeholders involved in project oversight are silenced or incentivized to disengage, this could reduce accountability mechanisms and increase tensions between the project and affected communities, contributing to persistent stakeholder risk.",0.52,P171059,eb499657,Implementation Status and Results Report
SLE-003,Suppression of Civil Society and Erosion of Anti-Corruption Accountability,"The NGO Consortium withdrawal may reflect the broader hostile operating environment for civil society in Sierra Leone. Where CSOs face pressure to align with government positions or risk being labeled as political opponents, international NGOs operating in sensitive social sectors may find partnership arrangements untenable. The withdrawal of Save the Children and the transfer of responsibilities to a government ministry (MBSSE) is consistent with a pattern where civil society space contracts and state actors absorb functions previously held by independent organizations.",0.45,P167897,3bc6ccd9,Aide Memoire
SLE-002,Executive Overreach and Concentration of Power Undermining Democratic Institutions,"The restructuring that transfers implementation responsibilities from an independent NGO Consortium to MBSSE, a government ministry, reflects a dynamic consistent with executive concentration of control over public programs. In contexts where state institutions are used as patronage vehicles, the displacement of an independent implementing partner by a ministry raises questions about whether governance pressures contributed to the NGO withdrawal and whether program integrity will be maintained under direct government management.",0.35,P167897,3bc6ccd9,Aide Memoire
SLE-004,Political Violence Including State Security Force Abuses and Election-Related Violence,"The systemic underreporting of SRGBV cases is plausibly connected to the broader pattern of suppressed accountability for violence in Sierra Leone. Where state security forces themselves engage in violence against civilians with limited consequence, and where restrictions on assembly and protest are documented, a culture of impunity and fear of reporting extends logically into school and community settings. Victims and witnesses may distrust law enforcement or fear retaliation, contributing to the reporting delays observed.",0.52,P167897,a195d3d4,Aide Memoire
SLE-003,Suppression of Civil Society and Erosion of Anti-Corruption Accountability,"The erosion of civil society space and accountability mechanisms weakens the broader ecosystem of protection reporting. Civil society organizations that might otherwise support GBV survivors, advocate for institutional reform, or monitor school-level protection risks face incentives to remain silent or align with state interests. This institutional fragility directly undermines the multi-stakeholder response capacity needed to address SRGBV effectively.",0.55,P167897,a195d3d4,Aide Memoire
SLE-002,Executive Overreach and Concentration of Power Undermining Democratic Institutions,"The pattern of teachers accused of SRGBV absconding from legal accountability reflects the broader institutional fragility described in SLE-002, where public institutions function through patronage networks rather than rule-of-law principles. When state institutions are weakened by politicization and patronage, enforcement capacity across sectors—including education—deteriorates, enabling perpetrators to evade accountability with limited consequence.",0.55,P167897,360a701e,Aide Memoire
SLE-003,Suppression of Civil Society and Erosion of Anti-Corruption Accountability,"The erosion of accountability mechanisms documented in SLE-003—where civil society is co-opted or silenced and anti-corruption oversight is limited—creates a permissive environment for impunity more broadly. Teachers evading legal processes for SRGBV is consistent with a systemic accountability deficit where wrongdoing by public sector employees (teachers are state employees) goes unchecked, mirroring the wider pattern of reduced civic and institutional scrutiny.",0.6,P167897,360a701e,Aide Memoire
SLE-004,Political Violence Including State Security Force Abuses and Election-Related Violence,"The sexual harassment and drug abuse incidents on school buses reflect a broader pattern of localized violence and weak security enforcement in public spaces. Sierra Leone's systemic vulnerabilities in the security environment — including limited accountability of security forces and patterns of violence against civilians — create conditions where protection risks in public transit go unaddressed. Weak law enforcement responsiveness, itself a feature of the politicized security apparatus, plausibly contributes to the persistence of these incidents.",0.45,P167897,0ba23b71,Aide Memoire
SLE-003,Suppression of Civil Society and Erosion of Anti-Corruption Accountability,"The erosion of accountability mechanisms and civic space weakens the social oversight and reporting channels that would normally surface and address protection risks such as harassment and drug abuse in school settings. When civil society is co-opted or silenced, community-level safeguarding concerns are less likely to be escalated or remediated effectively, contributing to the persistence of such risks.",0.35,P167897,0ba23b71,Aide Memoire
SLE-008,Displacement and Weak Asylum System Capacity,"The presence of marginalized and displaced children requiring psychosocial support among out-of-school project beneficiaries is directly consistent with Sierra Leone's documented population of over 20,500 forcibly displaced persons. Displacement-affected children are among the most educationally marginalized groups and are likely to carry conflict-related trauma, making psychosocial needs a predictable consequence of the displacement dynamics described in this risk.",0.72,P167897,93800091,Aide Memoire
SLE-009,Barriers to Durable Solutions for Refugees,"Protracted displacement situations, where refugees and displaced persons remain in limbo without local integration or repatriation, contribute to intergenerational educational exclusion and psychosocial distress among children. The persistence of this project risk as 'persistent' aligns with the protracted and unresolved nature of displacement described here, suggesting that children in these situations are among those requiring psychosocial services.",0.58,P167897,93800091,Aide Memoire
SLE-004,Political Violence Including State Security Force Abuses and Election-Related Violence,"Recurring political and communal violence in Sierra Leone can generate trauma and social disruption that pushes children out of school and creates psychosocial needs. Children from communities exposed to security force abuses, riots, or election-related violence may be among the marginalized out-of-school populations targeted by the project, providing a plausible though secondary link.",0.42,P167897,93800091,Aide Memoire
SLE-002,Executive Overreach and Concentration of Power Undermining Democratic Institutions,"The project's governance risk escalation from Substantial to High aligns directly with the documented pattern of executive overreach, patronage-driven public institutions, and weakened checks and balances. These structural governance deficiencies plausibly impede project implementation by reducing institutional reliability, distorting procurement and resource allocation, and undermining the accountability mechanisms that development projects depend on.",0.85,P168608,ee24015a,Implementation Status and Results Report
SLE-003,Suppression of Civil Society and Erosion of Anti-Corruption Accountability,"The erosion of anti-corruption accountability and the co-optation of civil society through state contracts are directly relevant to a worsening governance risk rating. Projects operating in environments where the Anti-Corruption Commission lacks transparency and civil society oversight is suppressed face heightened fiduciary and implementation risks, consistent with the observed upgrade to High.",0.78,P168608,ee24015a,Implementation Status and Results Report
SLE-001,Deep Ethnic and Political Divisions Threatening National Cohesion,"The post-2023 election political tensions and the fragile national unity agreement contribute to an unstable political environment that can disrupt government counterpart engagement, delay decision-making, and create uncertainty around policy continuity — all of which are plausible drivers of an elevated political risk rating in project implementation.",0.65,P168608,ee24015a,Implementation Status and Results Report
SLE-007,Treason Charges Against Former President Signaling Politically Motivated Prosecutions,"The politicized use of the justice system and heightened government-opposition tensions reflected in the treason charges episode contribute to an unpredictable political environment. This instability can affect the reliability of government counterparts and institutional partners involved in project implementation, reinforcing the High political risk rating.",0.6,P168608,ee24015a,Implementation Status and Results Report
SLE-002,Executive Overreach and Concentration of Power Undermining Democratic Institutions,Land availability disputes blocking critical public infrastructure are consistent with a governance environment where patronage networks and weak institutional accountability complicate state-led project execution. The difficulty in resolving land rights for a national emergency facility reflects the broader fragility of public institutions and their capacity to enforce decisions free from political or patronage interference.,0.45,P168608,8ae0dbdb,Implementation Status and Results Report
SLE-002,Executive Overreach and Concentration of Power Undermining Democratic Institutions,"Patronage dynamics and weak institutional accountability can distort land administration processes, making communities more vulnerable to land disputes and less confident that formal grievance channels will deliver impartial outcomes. The erosion of checks and balances documented under this risk reduces trust in state-mediated dispute resolution, which could amplify community-level land tensions as civil works proceed.",0.45,P168608,ab91dfc9,Implementation Status and Results Report
SLE-003,Suppression of Civil Society and Erosion of Anti-Corruption Accountability,"Weak accountability mechanisms and constrained civic space limit communities' ability to advocate for their land rights through independent channels. Where civil society is co-opted or silenced, affected communities may have fewer avenues to resolve land grievances outside the project's own GRM, increasing the risk that unresolved claims escalate into broader conflict as construction activities intensify.",0.4,P168608,ab91dfc9,Implementation Status and Results Report
SLE-002,Executive Overreach and Concentration of Power Undermining Democratic Institutions,"The persistent Substantial political and governance risk rating directly reflects the structural governance fragility described in SLE-002. Executive concentration of power, patronage-driven public institutions, and weakened checks and balances create the kind of chronic governance environment that would sustain an unchanged Substantial risk rating across multiple implementation periods.",0.88,P177077,f53b900f,Implementation Status and Results Report
SLE-003,Suppression of Civil Society and Erosion of Anti-Corruption Accountability,The erosion of accountability mechanisms and civic space documented in SLE-003 contributes directly to the governance fragility dimension of the realized risk. Weak anti-corruption oversight and constrained civil society reduce the institutional checks that would otherwise support sound project implementation and fiduciary integrity.,0.78,P177077,f53b900f,Implementation Status and Results Report
SLE-001,Deep Ethnic and Political Divisions Threatening National Cohesion,The unresolved ethnic and political fault lines exposed by the 2023 elections and requiring a 2024 unity agreement contribute to the political dimension of the persistent Substantial risk rating. Political instability stemming from these divisions creates an unpredictable operating environment for project implementation.,0.65,P177077,f53b900f,Implementation Status and Results Report
SLE-007,Treason Charges Against Former President Signaling Politically Motivated Prosecutions,The politicized use of the justice system and heightened government-opposition tensions reflected in SLE-007 reinforce the political risk component of the realized risk. Such episodes signal institutional fragility and unpredictability in the governance environment that would sustain an elevated political risk rating.,0.6,P177077,f53b900f,Implementation Status and Results Report
SLE-002,Executive Overreach and Concentration of Power Undermining Democratic Institutions,"The government's failure to release counterpart funds is consistent with a patronage-driven public financial management environment where discretionary executive control over resource allocation weakens institutional accountability. When state institutions serve political rather than programmatic priorities, sovereign financial obligations to development projects—particularly those benefiting rural or politically less salient constituencies—are vulnerable to deprioritization.",0.62,P153437,b9b15173,Aide Memoire
SLE-003,Suppression of Civil Society and Erosion of Anti-Corruption Accountability,"Weak anti-corruption accountability and limited public scrutiny of government finances create conditions in which counterpart fund non-disbursement can persist without consequence. The absence of effective oversight mechanisms reduces pressure on the government to honor its financial commitments to development projects, directly enabling the financing gap observed.",0.55,P153437,b9b15173,Aide Memoire
SLE-002,Executive Overreach and Concentration of Power Undermining Democratic Institutions,"The government's failure to release funds for ferry decommissioning reflects a broader pattern of weak institutional performance and patronage-driven resource allocation. When public institutions function primarily as vehicles for political patronage rather than service delivery, routine budgetary commitments to infrastructure projects—particularly those without direct political salience—are deprioritized or neglected. This fiscal non-performance by SLRA/GoSL is consistent with the systemic governance fragility described in this risk.",0.52,P153437,26e533a4,Aide Memoire
SLE-001,Deep Ethnic and Political Divisions Threatening National Cohesion,"Land disputes in Sierra Leone frequently carry ethnic and communal dimensions, particularly in border and rural areas where community identity is tied to land tenure. The Gendema site is located in a region where local community leaders play a central role in mediating access, and unresolved political tensions between communities can complicate or politicize what might otherwise be routine right-of-way negotiations. However, the evidence does not directly indicate ethnic or political motivations in this specific dispute, limiting confidence.",0.3,P153437,d984dce4,Aide Memoire
SLE-002,Executive Overreach and Concentration of Power Undermining Democratic Institutions,"Weak institutional capacity and patronage-driven governance reduce the effectiveness of formal land administration and dispute resolution mechanisms. When state institutions lack independence or credibility, contractors and project implementers cannot rely on transparent legal processes to resolve right-of-way conflicts, prolonging negotiations and increasing project vulnerability to local power dynamics. This is a plausible structural link, though not directly evidenced in the specific incident.",0.35,P153437,d984dce4,Aide Memoire
SLE-002,Executive Overreach and Concentration of Power Undermining Democratic Institutions,The persistent unresolved financial irregularities — undocumented advances and unrefunded overpayments — are consistent with a broader institutional environment where public institutions serve patronage functions and accountability mechanisms are weak. The pattern of carrying over unresolved financial issues across missions suggests that the same governance fragility enabling executive patronage networks also impedes corrective action within project financial management.,0.62,P153437,b6cf49ea,Aide Memoire
SLE-003,Suppression of Civil Society and Erosion of Anti-Corruption Accountability,The failure to recover overpayments and document advances to a project grantee reflects the same accountability deficit described in this risk — where anti-corruption mechanisms lack enforcement teeth and financial irregularities persist without consequence. The confidentiality of asset declarations and the co-optation of civil society actors through state contracts create an environment where financial misconduct by grantees faces limited institutional pressure to resolve.,0.68,P153437,b6cf49ea,Aide Memoire
SLE-002,Executive Overreach and Concentration of Power Undermining Democratic Institutions,"The realized risk of weak accountability structures and governance fragility in the health sector is consistent with the broader pattern of patronage-driven public institutions and weakened checks and balances described in SLE-002. When public institutions broadly serve as vehicles for patronage rather than service delivery, health sector governance — including procurement, human resources management, and fiscal accountability — is predictably compromised. The low government health spending and constrained fiscal space may partly reflect discretionary budget allocation patterns enabled by concentrated executive power.",0.65,P172102,7d68acc0,Aide Memoire
SLE-003,Suppression of Civil Society and Erosion of Anti-Corruption Accountability,"The weak accountability structures identified in the health sector align directly with the erosion of anti-corruption mechanisms described in SLE-003. Confidential asset declarations, co-opted civil society, and limited public scrutiny create an environment where health sector governance failures — such as weak pharmaceutical supply chain monitoring and unsalaried health workers — are unlikely to be surfaced or corrected through civic or institutional pressure.",0.7,P172102,7d68acc0,Aide Memoire
SLE-002,Executive Overreach and Concentration of Power Undermining Democratic Institutions,"The Ministry of Health's failure to convene mandated Steering Committee meetings and provide technical coordination is consistent with a broader pattern of weak institutional governance in Sierra Leone, where public institutions are shaped by patronage dynamics and executive control rather than functional, rules-based management. When appointments and institutional roles are driven by political loyalty rather than technical capacity, the result is often exactly this kind of governance gap: high-level political commitment coexisting with persistent operational dysfunction at the technical level.",0.62,P172102,28870285,Aide Memoire
SLE-003,Suppression of Civil Society and Erosion of Anti-Corruption Accountability,"The erosion of accountability mechanisms documented at the national level—where oversight bodies are weakened and transparency is limited—creates an enabling environment for similar accountability gaps within line ministries. The Ministry of Health's non-compliance with its own Financial Agreement obligations (non-convening of Steering Committees) reflects an institutional culture where oversight and accountability norms are not consistently enforced, mirroring the broader national pattern of weakened checks.",0.48,P172102,28870285,Aide Memoire
SLE-002,Executive Overreach and Concentration of Power Undermining Democratic Institutions,"The concentration of power at the executive level and the use of public institutions for patronage directly undermines the development of autonomous, capable subnational institutions. DHMTs operating within a governance environment where appointments and resources flow through patronage networks are unlikely to develop the independent accountability systems needed for effective decentralized management. The same institutional fragility that enables executive overreach at the center manifests as weak capacity and accountability gaps at the district level.",0.62,P172102,29e4c105,Aide Memoire
SLE-003,Suppression of Civil Society and Erosion of Anti-Corruption Accountability,"The erosion of anti-corruption accountability mechanisms at the national level has a direct bearing on the risk of ineligible expenditures at the DHMT level. Where the Anti-Corruption Commission lacks transparency and civil society is co-opted or silenced, the broader accountability ecosystem that would otherwise support fiduciary discipline in decentralized health spending is weakened. The IHPAU's reluctance to devolve funds reflects a rational response to this systemic accountability deficit.",0.68,P172102,29e4c105,Aide Memoire
SLE-002,Executive Overreach and Concentration of Power Undermining Democratic Institutions,"The failure to establish a functional GRM is consistent with a broader institutional environment where accountability mechanisms are weak and public institutions are shaped by patronage dynamics rather than performance. In a context where state institutions serve political rather than public interest functions, the organizational will and capacity to implement transparent grievance tracking systems is likely to be depressed. The GRM gap reflects the same institutional fragility that characterizes Sierra Leone's broader governance deficit.",0.55,P172102,fdffd27e,Aide Memoire
SLE-003,Suppression of Civil Society and Erosion of Anti-Corruption Accountability,"The absence of a functioning GRM — where grievances go undocumented and unreported — mirrors the broader pattern of suppressed accountability channels in Sierra Leone. In an environment where civil society is co-opted or silenced and anti-corruption mechanisms lack transparency, project-level grievance mechanisms face analogous pressures: communities may distrust reporting channels, and implementing entities may lack incentives to surface complaints. The confidentiality norms around accountability (e.g., asset declarations kept secret) reflect a systemic culture that is inimical to open grievance documentation.",0.62,P172102,fdffd27e,Aide Memoire
SLE-002,Executive Overreach and Concentration of Power Undermining Democratic Institutions,"The realized risk of governance fragility slowing business environment reforms and causing procurement delays is directly consistent with the country-level risk of executive overreach and patronage-driven public institutions. When state institutions serve as vehicles for political patronage rather than merit-based administration, regulatory and procurement processes are predictably distorted, creating the kind of implementation drag observed in the project.",0.82,P164212,a5cdf63c,Implementation Status and Results Report
SLE-003,Suppression of Civil Society and Erosion of Anti-Corruption Accountability,"Weak anti-corruption accountability and constrained civic oversight reduce the pressure on government agencies to implement business environment reforms efficiently and transparently. The confidentiality of asset declarations and the co-optation of civil society limit the external accountability mechanisms that typically accelerate reform implementation, plausibly contributing to the slow reform progress noted in the ISR.",0.72,P164212,a5cdf63c,Implementation Status and Results Report
SLE-001,Deep Ethnic and Political Divisions Threatening National Cohesion,"The post-election political tensions and the fragile national unity agreement create an environment where cross-party consensus on economic governance reforms is difficult to sustain. Business environment reforms often require legislative cooperation and inter-institutional coordination that is harder to achieve when political divisions are acute, offering a plausible secondary explanation for reform delays.",0.55,P164212,a5cdf63c,Implementation Status and Results Report
SLE-002,Executive Overreach and Concentration of Power Undermining Democratic Institutions,"Patronage-driven public institutions and weak governance reduce the predictability and transparency of the regulatory and fiscal environment, directly constraining private sector confidence and SME investment. Executive control over key economic appointments and state resources distorts market conditions and deters the private investment the project seeks to catalyze.",0.62,P164212,e42ab472,Implementation Status and Results Report
SLE-003,Suppression of Civil Society and Erosion of Anti-Corruption Accountability,"Weak anti-corruption accountability and limited public scrutiny of state finances contribute to an unpredictable business environment. Corruption-related distortions in public procurement, licensing, and financial regulation impose costs on SMEs and undermine the enabling environment for private sector development that the project depends on.",0.58,P164212,e42ab472,Implementation Status and Results Report
SLE-002,Executive Overreach and Concentration of Power Undermining Democratic Institutions,"The residual political and governance fragility tracked in the project directly reflects the broader pattern of weakened institutional checks and patronage-driven public institutions. Executive concentration of power and the instrumentalization of state bodies for political ends create an unpredictable governance environment that can affect project oversight, procurement integrity, and counterpart reliability.",0.82,P164212,0645654a,Implementation Status and Results Report
SLE-003,Suppression of Civil Society and Erosion of Anti-Corruption Accountability,"Governance fragility in project implementation is plausibly linked to the erosion of anti-corruption accountability mechanisms. Confidential asset declarations, co-opted civil society, and limited public scrutiny reduce the effectiveness of fiduciary safeguards that World Bank projects rely on, sustaining a moderate governance risk even as the rating has improved.",0.74,P164212,0645654a,Implementation Status and Results Report
SLE-001,Deep Ethnic and Political Divisions Threatening National Cohesion,"The contested 2023 elections and the subsequent national unity agreement coincide with the project's reporting period (December 2023), suggesting that the political turbulence of that period contributed to the governance fragility captured in the SORT rating. Ethnic and political polarization can disrupt government counterpart engagement and slow institutional decision-making relevant to project implementation.",0.61,P164212,0645654a,Implementation Status and Results Report
SLE-004,Political Violence Including State Security Force Abuses and Election-Related Violence,"Political violence, restrictions on assembly, and security force abuses can deter international visitors independently of or in combination with COVID-19 effects. Sierra Leone's documented patterns of political violence and instability around the 2023 elections may have compounded the suppression of tourism recovery, making the decline in visitor numbers partially attributable to security and political environment concerns beyond COVID-19 alone.",0.3,P164212,c7c78e29,Implementation Status and Results Report
SLE-002,Executive Overreach and Concentration of Power Undermining Democratic Institutions,"The persistent moderate political and governance risk in land administration reform directly reflects the broader pattern of executive dominance over state institutions and patronage-driven governance. Land administration reform requires functional, independent institutions capable of enforcing property rights and transparent processes — precisely the institutional capacity undermined by executive overreach and politicized appointments. The sustained baseline governance fragility noted in the project is consistent with this systemic institutional weakness.",0.78,P177031,d9c2dabc,Implementation Status and Results Report
SLE-003,Suppression of Civil Society and Erosion of Anti-Corruption Accountability,"Land administration reform is particularly vulnerable to corruption risks, including land grabbing, opaque titling processes, and elite capture of land assets. The erosion of anti-corruption accountability and the suppression of civil society watchdogs — which would normally provide oversight of land transactions and registry processes — directly compounds the governance fragility observed in the project's persistent moderate risk rating.",0.7,P177031,d9c2dabc,Implementation Status and Results Report
SLE-001,Deep Ethnic and Political Divisions Threatening National Cohesion,"Land tenure and administration in Sierra Leone carries ethnic and regional dimensions, as land rights are often tied to community and chieftaincy structures that map onto ethnic and political identities. The unresolved ethnic and political fault lines exposed by the 2023 elections can complicate land reform implementation, particularly in areas where land disputes intersect with communal or political grievances, contributing to the persistent governance risk observed.",0.52,P177031,d9c2dabc,Implementation Status and Results Report
